{
    "0,1": [
        0.46058986977115274,
        0.05015974780719607,
        0.4738294469714165,
        0.050182618065117285,
        0.2622116506256163,
        0.16878939774628643,
        0.0161588076959705,
        0.07057120847672516
    ],
    "0,2": [
        0.6223139846235514,
        0.08200999959579913,
        0.31305601029470564,
        0.09457566164374549,
        0.2603064274132252,
        0.16609067868005511,
        0.7226176411733031,
        0.19745577961431499
    ]
}