{
    "0,3": [
        0.18833036547933868,
        0.03753665757322947,
        0.2218114559141104,
        0.04658481696725594,
        0.031466037243699965,
        0.1530412159503885,
        0.0070984298464355725,
        0.0684902284998557
    ],
    "0,4": [
        0.15147906120195404,
        0.02958134518293516,
        0.444810444188118,
        0.0440322606148456,
        0.02946975091864084,
        0.14352626196284657,
        0.06993897429224377,
        0.242490910447747
    ],
    "0,5": [
        0.28629591956213113,
        0.04841928109051704,
        0.3075634080499411,
        0.028448400793863137,
        0.027664451714829875,
        0.14154227133001582,
        0.0400218176545145,
        0.17410454522214247
    ],
    "1,2": [
        0.43381140537770946,
        0.04721778352348126,
        0.5229774820875664,
        0.061707797596261764,
        0.0907411349525015,
        0.25676098992272867,
        0.7452643120970791,
        0.40702821398145783
    ],
    "3,4": [
        0.34442685957812663,
        0.1068043682573793,
        0.09749503909642808,
        0.07977129857464052,
        0.013981230724436015,
        0.10540564598947151,
        0.07267111317377749,
        0.24537194357440098
    ],
    "4,5": [
        0.4379299461275339,
        0.11304254685020607,
        0.5517244060508907,
        0.11092378325993346,
        0.08100882307068652,
        0.258159814654637,
        0.03975113891647049,
        0.17240347374198917
    ]
}