{
    "0,4,5": [
        0.02952664082933441,
        0.01161779593658484,
        0.322375302126212,
        0.012766797614106623,
        0.3988040626952425,
        0.023994827218268608,
        0.030338410933355247,
        0.15093421592932152,
        0.06989463290891881,
        0.24245509468441842,
        0.036176934696990626,
        0.16093519020565042,
        0.0
    ],
    "0,1,5": [
        0.15201073134330514,
        0.020098387118388735,
        0.21519848234733926,
        0.025096906609412564,
        0.1556280465427786,
        0.0096596413832881,
        0.02786453007389942,
        0.13946611955651614,
        0.09267369821071304,
        0.26001501355590495,
        0.041173441272241804,
        0.1735443217263554,
        0.6000000000000001
    ],
    "1,4,5": [
        0.28873753023456566,
        0.01638682155890627,
        0.22240692377500237,
        0.004577868114856256,
        0.1917627666325687,
        0.02918732428840367,
        0.09191953972853151,
        0.2615306903714407,
        0.06713945953942657,
        0.23471333911021114,
        0.038438757355523274,
        0.1712609567444243,
        0.0
    ],
    "1,2,5": [
        0.3384144543632865,
        0.021201729535962558,
        0.3547559881784022,
        0.04603565608447094,
        0.23963462283685805,
        0.03963143087961705,
        0.09282804913480094,
        0.26135182804177987,
        0.7472595765725694,
        0.40683925186621694,
        0.04178207975198697,
        0.17513519771776181,
        0.8
    ]
}