{
    "0,1,2": [
        0.7042905227929352,
        0.07654206515572753,
        0.002582380066992482,
        0.0034032609477616096,
        0.2931270973505685,
        0.07788407291150867,
        0.7542917056798935,
        0.1469474794480979,
        0.004038655160659982,
        0.01006387930568371,
        0.24166963526380714,
        0.14955045644946802,
        0.0
    ],
    "0,1,3": [
        0.1605105772137989,
        0.004475110089587449,
        0.4267149240276872,
        0.030637640809515743,
        0.41260585892617385,
        0.026138213998334308,
        0.7638579308189453,
        0.14133051942392388,
        0.004224326269569338,
        0.012587807793577915,
        1.1012792994564058e-08,
        1.7299344500227446e-07,
        0.0
    ]
}
