{
    "0,1": [
        0.500856267915928,
        0.1651950462303402,
        0.49790768722398204,
        0.16731927746959857,
        0.7535550972908736,
        0.1493887981132927,
        0.004452156612712133,
        0.01751561505208842
    ],
    "0,2": [
        0.47649938561320304,
        0.05424783368869222,
        0.522902509009838,
        0.054434780049904284,
        0.7558131397202611,
        0.15088641848013012,
        0.23972913449820177,
        0.15258156018448377
    ],
    "1,3": [
        0.24247179028421928,
        0.054962440080945404,
        0.3250777541598791,
        0.03317454808571049,
        0.0034664536484974176,
        0.0034801980963396935,
        2.998134929708713e-09,
        4.845143962002059e-09
    ]
}