{
    "5,6,7": [
        0.36756072252467276,
        0.08231916304583241,
        0.33302114897356366,
        0.09979059805902425,
        0.29934373101927336,
        0.084837737760561,
        0.08341822990330273,
        0.23625953116156323,
        0.16637356873874246,
        0.3482955325084661,
        0.6405488650402185,
        0.43877587409924346,
        1.0
    ],
    "0,2,4": [
        0.19813641012832525,
        0.05680391144280142,
        0.6135374412208795,
        0.027283794543641205,
        0.1836404874846339,
        0.04857221867926496,
        3.688301447411262e-15,
        7.306213194134544e-14,
        0.03778544353650614,
        0.16610873222791767,
        0.0006571905169028937,
        0.010475637583333662,
        0.4
    ],
    "3,5,7": [
        0.32480050903484226,
        0.054472221332140476,
        0.006226647393938038,
        0.002602316160069397,
        0.6689168685555459,
        0.05269858841664943,
        0.05075436206475179,
        0.19509711174477,
        0.0835617088501208,
        0.23528736071853748,
        0.6439991421800462,
        0.4344575733988678,
        0.0
    ],
    "1,2,6": [
        0.22583871558915997,
        0.07332022726568684,
        0.2064024684351287,
        0.07252407618167915,
        0.29818360582003367,
        0.12924141976623205,
        0.019430406474215865,
        0.11588144522453352,
        0.03598296106959125,
        0.15337076440168412,
        0.1627886367309361,
        0.34436071180157257,
        0.8
    ],
    "2,5,7": [
        0.3374021392729832,
        0.09619441598865933,
        0.2951209425291745,
        0.08188450254931556,
        0.26533833371717486,
        0.07807037050918622,
        0.03838481364546736,
        0.1648597207501293,
        0.08530474348563144,
        0.23685917297703138,
        0.6468835404288118,
        0.43242477452974837,
        0.8
    ],
    "1,2,3": [
        0.3074616661825072,
        0.09851440977581519,
        0.3140341921468911,
        0.12317769813459235,
        0.37441962425383607,
        0.16874204193488107,
        0.016800071207123263,
        0.10363591046143884,
        0.0346498502987703,
        0.15436307234481533,
        0.06079776762594272,
        0.21484299061633583,
        1.0
    ],
    "1,2,7": [
        0.4423237149845809,
        0.11769536956661443,
        0.15897220784050586,
        0.036638155169214634,
        0.06445637077781138,
        0.022973228961786166,
        0.019341535743542096,
        0.11546922134415824,
        0.035343924602926416,
        0.1605262876049821,
        0.6517698451370276,
        0.43152208523804314,
        0.2
    ]
}