{
    "5,6,7": [
        0.36756072252467276,
        0.08231916304583241,
        0.33302114897356366,
        0.09979059805902425,
        0.29934373101927336,
        0.084837737760561,
        0.08341822990330273,
        0.23625953116156323,
        0.16637356873874246,
        0.3482955325084661,
        0.6405488650402185,
        0.43877587409924346,
        1.0
    ],
    "0,2,4": [
        0.19813641012832525,
        0.05680391144280142,
        0.6135374412208795,
        0.027283794543641205,
        0.1836404874846339,
        0.04857221867926496,
        3.688301447411262e-15,
        7.306213194134544e-14,
        0.03778544353650614,
        0.16610873222791767,
        0.0006571905169028937,
        0.010475637583333662,
        0.4
    ],
    "3,5,7": [
        0.32480050903484226,
        0.054472221332140476,
        0.006226647393938038,
        0.002602316160069397,
        0.6689168685555459,
        0.05269858841664943,
        0.05075436206475179,
        0.19509711174477,
        0.0835617088501208,
        0.23528736071853748,
        0.6439991421800462,
        0.4344575733988678,
        0.0
    ],
    "1,2,6": [
        0.22583871558915997,
        0.07332022726568684,
        0.2064024684351287,
        0.07252407618167915,
        0.29818360582003367,
        0.12924141976623205,
        0.019430406474215865,
        0.11588144522453352,
        0.03598296106959125,
        0.15337076440168412,
        0.1627886367309361,
        0.34436071180157257,
        0.8
    ],
    "2,3,7": [
        7.356263267266923e-06,
        1.4823806139850376e-05,
        0.9999553436517715,
        2.2232457682363125e-05,
        3.730789985467667e-05,
        9.023506198217133e-06,
        0.03459781584833132,
        0.15421192772893555,
        0.04796865063587235,
        0.18667655640223757,
        0.6531581319738677,
        0.43088496732212755,
        0.0
    ],
    "2,5,7": [
        0.3374021392729832,
        0.09619441598865933,
        0.2951209425291745,
        0.08188450254931556,
        0.26533833371717486,
        0.07807037050918622,
        0.03838481364546736,
        0.1648597207501293,
        0.08530474348563144,
        0.23685917297703138,
        0.6468835404288118,
        0.43242477452974837,
        0.8
    ]
}