{
    "4,6": [
        0.49733915002018914,
        0.082835084118872,
        0.49955419733524326,
        0.08295924079570524,
        5.931085866382651e-05,
        0.0009492294787424513,
        0.16548685191982768,
        0.3485848783201824
    ],
    "3,7": [
        1.0,
        0.0,
        3.410063458626235e-09,
        7.937786679653843e-10,
        0.05617581496257077,
        0.20604425202262944,
        0.645386768210663,
        0.43387760937629016
    ],
    "1,2": [
        0.5015455972462892,
        0.08743965246086957,
        0.47303566267415875,
        0.09429070786357793,
        0.013854530094440341,
        0.09393760630329834,
        0.036775477381892754,
        0.15965236742865066
    ],
    "6,7": [
        0.46994919197315177,
        0.14552568975270316,
        0.4833744026148692,
        0.1267718509352996,
        0.16457004813758938,
        0.34370105243577687,
        0.6286665838872916,
        0.43614838747806833
    ],
    "0,2": [
        0.4674143117930222,
        0.08888888192964614,
        0.5277712963581085,
        0.08770866287992525,
        2.0790644065030694e-12,
        4.475545517704857e-11,
        0.032046878159706346,
        0.146909845959823
    ],
    "2,5": [
        0.4467499308582628,
        0.09217648706337407,
        0.4740936881367117,
        0.08710705940277276,
        0.03152462468241172,
        0.1451672364233255,
        0.07578783649488811,
        0.2235117514628658
    ]
}